Bell No,Actual Time
1,18340
2,18650
3,18950
4,19190
5,19400
6,19660
7,19890
8,20190
9,20350
10,20670
11,20810
12,21020
1,21360
2,21550
3,21820
4,22000
5,22230
6,22440
7,22650
8,22880
9,22930
10,23170
11,23420
12,23720
1,24180
2,24340
3,24550
4,24760
5,24930
6,25190
7,25380
8,25680
9,25770
10,26010
11,26180
12,26380
1,26650
2,26900
3,27000
4,27250
5,27460
6,27690
7,27890
8,28100
9,28270
10,28470
11,28680
12,28990
1,29300
2,29460
3,29670
4,29850
5,30050
6,30250
7,30460
8,30730
9,30880
10,31100
11,31250
12,31460
1,31810
2,31990
3,32150
4,32380
5,32580
6,32780
7,32950
8,33150
9,33310
10,33490
11,33740
12,33950
1,34410
2,34610
3,34810
4,34990
5,35170
6,35320
7,35520
8,35810
9,35990
10,36210
11,36310
12,36530
1,36750
2,36960
3,37230
4,37420
5,37610
6,37810
7,38070
8,38270
9,38400
10,38580
11,38780
12,38980
1,39330
2,39530
3,39750
4,39920
5,40120
6,40370
7,40520
8,40810
9,40940
10,41160
11,41310
12,41600
1,41740
2,41990
3,42170
4,42350
5,42540
6,42770
7,43000
8,43190
9,43340
10,43540
11,43790
12,43980
1,44440
2,44630
3,44790
4,44960
5,45180
6,45340
7,45500
8,45740
9,45900
10,46130
11,46300
12,46560
1,46750
2,47010
3,47200
4,47360
5,47590
6,47800
7,48020
8,48220
9,48400
10,48590
11,48690
12,48950
1,49390
2,49560
3,49740
4,49910
5,50130
6,50390
7,50530
8,50800
9,50940
10,51150
11,51270
12,51540
1,51670
2,51900
3,52110
4,52360
5,52530
6,52760
7,52970
8,53180
9,53370
10,53520
11,53780
12,54000
1,54340
2,54550
3,54720
4,54880
5,55050
6,55290
7,55490
8,55760
9,55920
10,56090
11,56280
12,56470
1,56650
2,56960
3,57130
4,57320
5,57520
6,57720
7,57920
8,58150
9,58320
10,58500
11,58690
12,58880
1,59260
2,59440
3,59690
4,59850
5,60050
6,60280
7,60470
8,60740
9,60830
10,61050
11,61190
12,61410
1,61620
2,61900
3,62080
4,62290
5,62440
6,62660
7,62880
8,63100
9,63320
10,63440
11,63630
12,63870
1,64250
2,64430
3,64640
4,64800
5,64990
6,65210
7,65370
8,65660
9,65790
10,66000
11,66170
12,66410
1,66570
2,66810
3,67020
4,67250
5,67440
6,67620
7,67840
8,68060
9,68240
10,68380
11,68580
12,68830
1,69200
2,69380
3,69560
4,69730
5,69920
6,70160
7,70330
8,70590
9,70740
10,70940
11,71110
12,71390
1,71510
2,71730
3,71910
4,72140
5,72310
6,72550
7,72770
8,72980
9,73190
10,73290
11,73490
12,73750
1,74100
2,74320
3,74510
4,74700
5,74880
6,75040
7,75240
8,75530
9,75640
10,75840
11,76030
12,76270
1,76430
2,76660
3,76870
4,77120
5,77310
6,77520
7,77700
8,77910
9,78110
10,78230
11,78450
12,78670
1,79040
2,79230
3,79440
4,79630
5,79810
6,80020
7,80210
8,80470
9,80610
10,80790
11,80940
12,81230
1,81370
2,81580
3,81790
4,82030
5,82170
6,82430
7,82630
8,82840
9,83030
10,83170
11,83370
12,83620
1,83970
2,84160
3,84330
4,84540
5,84730
6,84940
7,85120
8,85370
9,85500
10,85720
11,85890
12,86140
1,86280
2,86510
3,86660
4,86930
5,87110
6,87360
7,87530
8,87740
9,87950
10,88070
11,88300
12,88550
1,88940
2,89130
3,89330
4,89500
5,89670
6,89850
7,90050
8,90320
9,90420
10,90660
11,90790
12,91090
1,91210
2,91430
3,91620
4,91840
5,92020
6,92270
7,92470
8,92690
9,92880
10,93020
11,93250
12,93470
1,93850
2,94040
3,94220
4,94410
5,94590
6,94790
7,94980
8,95250
9,95340
10,95550
11,95810
12,96050
1,96130
2,96350
3,96520
4,96760
5,96950
6,97170
7,97390
8,97600
9,97770
10,97930
11,98120
12,98420
1,98740
2,98960
3,99130
4,99320
5,99490
6,99710
7,99900
8,100150
9,100260
10,100480
11,100640
12,100870
1,101010
2,101270
3,101480
4,101710
5,101890
6,102140
7,102290
8,102490
9,102690
10,102820
11,103020
12,103270
1,103630
2,103810
3,104030
4,104210
5,104410
6,104620
7,104790
8,105050
9,105150
10,105340
11,105540
12,105830
1,105910
2,106150
3,106320
4,106580
5,106730
6,106960
7,107180
8,107390
9,107600
10,107740
11,107920
12,108190
1,108510
2,108710
3,108900
4,109070
5,109310
6,109490
7,109660
8,109930
9,110040
10,110250
11,110420
12,110670
1,110840
2,111080
3,111240
4,111500
5,111670
6,111880
7,112080
8,112280
9,112460
10,112590
11,112810
12,113020
1,113430
2,113630
3,113800
4,114010
5,114170
6,114370
7,114520
8,114780
9,114940
10,115150
11,115290
12,115570
1,115730
2,116000
3,116120
4,116350
5,116460
6,116730
7,116950
8,117150
9,117350
10,117510
11,117690
12,117940
1,118360
2,118530
3,118690
4,118870
5,119040
6,119240
7,119420
8,119670
9,119830
10,120040
11,120200
12,120460
1,120570
2,120810
3,121010
4,121220
5,121420
6,121640
7,121820
8,122020
9,122230
10,122360
11,122570
12,122830
1,123190
2,123390
3,123540
4,123740
5,123930
6,124150
7,124320
8,124530
9,124690
10,124900
11,125040
12,125300
1,125420
2,125720
3,125870
4,126080
5,126280
6,126500
7,126690
8,126900
9,127090
10,127240
11,127410
12,127670
1,127990
2,128190
3,128400
4,128580
5,128770
6,128980
7,129150
8,129420
9,129530
10,129760
11,129900
12,130120
1,130270
2,130520
3,130710
4,130900
5,131110
6,131330
7,131520
8,131750
9,131960
10,132070
11,132250
12,132500
1,132910
2,133070
3,133250
4,133410
5,133600
6,133810
7,134000
8,134260
9,134380
10,134620
11,134750
12,134960
1,135140
2,135410
3,135590
4,135810
5,135940
6,136200
7,136400
8,136590
9,136830
10,136940
11,137100
12,137360
1,137780
2,137970
3,138130
4,138310
5,138500
6,138660
7,138860
8,139100
9,139240
10,139460
11,139620
12,139890
1,140030
2,140280
3,140460
4,140690
5,140850
6,141070
7,141250
8,141440
9,141650
10,141780
11,142010
12,142260
1,142670
2,142830
3,142960
4,143180
5,143370
6,143560
7,143720
8,143980
9,144090
10,144300
11,144420
12,144780
1,144870
2,145120
3,145320
4,145550
5,145730
6,145950
7,146130
8,146330
9,146540
10,146660
11,146860
12,147090
1,147480
2,147650
3,147850
4,148060
5,148230
6,148420
7,148620
8,148870
9,149020
10,149230
11,149320
12,149570
1,149730
2,149980
3,150150
4,150380
5,150570
6,150810
7,150980
8,151200
9,151410
10,151540
11,151760
12,151930
1,152350
2,152520
3,152700
4,152910
5,153110
6,153270
7,153470
8,153700
9,153850
10,154030
11,154210
12,154420
1,154580
2,154850
3,155040
4,155230
5,155420
6,155680
7,155860
8,156080
9,156230
10,156400
11,156610
12,156790
1,157210
2,157380
3,157570
4,157750
5,157940
6,158130
7,158280
8,158530
9,158700
10,158870
11,159040
12,159320
1,159460
2,159710
3,159870
4,160090
5,160230
6,160430
7,160680
8,160880
9,161080
10,161240
11,161450
12,161640
1,162090
2,162270
3,162440
4,162610
5,162770
6,162950
7,163140
8,163380
9,163530
10,163740
11,163880
12,164170
1,164310
2,164550
3,164730
4,164960
5,165120
6,165350
7,165550
8,165760
9,165950
10,166100
11,166280
12,166510
1,166900
2,167080
3,167260
4,167480
5,167650
6,167850
7,168020
8,168270
9,168440
10,168610
11,168770
12,169070
1,169180
2,169420
3,169550
4,169780
5,169950
6,170180
7,170360
8,170600
9,170830
10,170930
11,171210
12,171430
1,171740
2,171910
3,172110
4,172310
5,172480
6,172670
7,172870
8,173090
9,173250
10,173420
11,173640
12,173870
1,174010
2,174240
3,174430
4,174660
5,174840
6,175060
7,175230
8,175450
9,175660
10,175780
11,176020
12,176220
1,176610
2,176800
3,176940
4,177140
5,177350
6,177540
7,177760
8,177970
9,178150
10,178320
11,178460
12,178670
1,178830
2,179080
3,179250
4,179510
5,179650
6,179890
7,180110
8,180310
9,180530
10,180650
11,180840
12,181070
1,181450
2,181630
3,181830
4,182060
5,182250
6,182420
7,182580
8,182820
9,182970
10,183150
11,183300
12,183580
1,183710
2,183930
3,184120
4,184360
5,184560
6,184770
7,184950
8,185170
9,185360
10,185490
11,185710
12,185920
1,186320
2,186520
3,186700
4,186910
5,187080
6,187240
7,187440
8,187650
9,187800
10,188010
11,188190
12,188400
1,188620
2,188860
3,189010
4,189270
5,189430
6,189650
7,189840
8,190050
9,190210
10,190380
11,190580
12,190780
1,191180
2,191380
3,191580
4,191790
5,191990
6,192190
7,192320
8,192550
9,192720
10,192890
11,193040
12,193340
1,193460
2,193680
3,193880
4,194110
5,194290
6,194510
7,194730
8,194920
9,195130
10,195240
11,195460
12,195700
1,196070
2,196230
3,196430
4,196660
5,196820
6,197030
7,197230
8,197440
9,197560
10,197770
11,197930
12,198240
1,198370
2,198610
3,198750
4,199000
5,199180
6,199400
7,199600
8,199810
9,200020
10,200140
11,200330
12,200590
1,200950
2,201140
3,201310
4,201550
5,201710
6,201920
7,202090
8,202310
9,202470
10,202660
11,202810
12,203040
1,203240
2,203480
3,203630
4,203890
5,204030
6,204260
7,204460
8,204680
9,204870
10,204990
11,205210
12,205440
1,205800
2,206000
3,206200
4,206430
5,206610
6,206800
7,206960
8,207190
9,207350
10,207540
11,207670
12,207980
1,208100
2,208340
3,208500
4,208730
5,208910
6,209130
7,209350
8,209550
9,209790
10,209900
11,210090
12,210330
1,210640
2,210840
3,211030
4,211260
5,211450
6,211610
7,211820
8,212030
9,212200
10,212400
11,212590
12,212780
1,212930
2,213190
3,213330
4,213590
5,213710
6,213980
7,214190
8,214400
9,214610
10,214740
11,214970
12,215130
1,215560
2,215730
3,215920
4,216140
5,216300
6,216500
7,216700
8,216890
9,217050
10,217260
11,217430
12,217640
1,217840
2,218100
3,218230
4,218470
5,218620
6,218860
7,219060
8,219260
9,219480
10,219600
11,219840
12,220030
1,220430
2,220630
3,220810
4,221060
5,221230
6,221390
7,221580
8,221770
9,221930
10,222130
11,222290
12,222550
1,222700
2,222960
3,223120
4,223370
5,223490
6,223750
7,223930
8,224150
9,224370
10,224490
11,224700
12,224960
1,225320
2,225490
3,225680
4,225930
5,226110
6,226290
7,226470
8,226690
9,226810
10,227000
11,227210
12,227490
1,227630
2,227870
3,228020
4,228280
5,228450
6,228660
7,228810
8,229030
9,229260
10,229380
11,229610
12,229850
1,230250
2,230430
3,230580
4,230810
5,230980
6,231130
7,231340
8,231560
9,231740
10,231900
11,232090
12,232390
1,232460
2,232740
3,232910
4,233150
5,233300
6,233550
7,233720
8,233930
9,234160
10,234260
11,234500
12,234760
1,235090
2,235260
3,235470
4,235710
5,235880
6,236090
7,236240
8,236470
9,236640
10,236820
11,236970
12,237250
1,237400
2,237660
3,237800
4,238050
5,238200
6,238450
7,238580
8,238810
9,239070
10,239180
11,239380
12,239600
1,240000
2,240170
3,240370
4,240600
5,240780
6,240970
7,241120
8,241340
9,241510
10,241730
11,241870
12,242170
1,242240
2,242510
3,242700
4,242950
5,243140
6,243360
7,243530
8,243730
9,243930
10,244060
11,244280
12,244510
1,244850
2,245060
3,245240
4,245490
5,245660
6,245860
7,246030
8,246260
9,246430
10,246580
11,246760
12,247010
1,247180
2,247410
3,247550
4,247810
5,247980
6,248200
7,248400
8,248590
9,248810
10,248960
11,249170
12,249380
1,249800
2,249980
3,250140
4,250370
5,250530
6,250710
7,250900
8,251120
9,251300
10,251490
11,251650
12,251940
1,252030
2,252270
3,252450
4,252700
5,252840
6,253100
7,253300
8,253510
9,253740
10,253830
11,254060
12,254330
1,254670
2,254840
3,255000
4,255270
5,255440
6,255640
7,255820
8,256040
9,256210
10,256360
11,256540
12,256820
1,256980
2,257220
3,257350
4,257640
5,257770
6,258010
7,258190
8,258400
9,258650
10,258750
11,258910
12,259220
1,259550
2,259760
3,259960
4,260190
5,260350
6,260530
7,260680
8,260920
9,261100
10,261310
11,261450
12,261760
1,261880
2,262120
3,262300
4,262540
5,262690
6,262920
7,263120
8,263340
9,263550
10,263660
11,263860
12,264110
1,264530
2,264690
3,264880
4,265120
5,265300
6,265450
7,265640
8,265850
9,266040
10,266190
11,266390
12,266660
1,266830
2,267090
3,267250
4,267480
5,267650
6,267880
7,268050
8,268270
9,268490
10,268610
11,268790
12,269080
1,269500
2,269670
3,269810
4,270050
5,270200
6,270390
7,270590
8,270790
9,270970
10,271160
11,271310
12,271620
1,271730
2,271970
3,272170
4,272410
5,272560
6,272780
7,272950
8,273180
9,273390
10,273530
11,273760
12,273930
1,274360
2,274540
3,274750
4,274980
5,275150
6,275290
7,275450
8,275680
9,275850
10,276060
11,276250
12,276450
1,276640
2,276910
3,277050
4,277270
5,277470
6,277710
7,277900
8,278100
9,278290
10,278450
11,278630
12,278840
2,279220
1,279490
3,279620
5,279810
4,279980
7,280140
6,280400
9,280610
8,280830
11,280960
10,281190
12,281370
2,281650
3,281760
1,282000
4,282200
5,282390
6,282590
7,282750
8,282970
9,283190
10,283330
11,283510
12,283730
3,284100
2,284310
4,284520
1,284700
6,284910
5,285080
8,285290
7,285510
9,285720
11,285840
10,286030
12,286210
2,286390
3,286640
4,286840
6,287050
1,287250
8,287470
5,287670
9,287880
7,288080
10,288190
11,288420
12,288610
2,288990
4,289170
3,289350
1,289580
6,289740
5,289950
8,290200
7,290350
9,290570
11,290710
10,290900
12,291140
4,291410
2,291610
3,291730
6,291950
1,292140
8,292340
5,292530
9,292730
7,292980
10,293050
11,293320
12,293490
4,293870
3,294100
2,294320
1,294540
6,294680
5,294830
8,295080
7,295230
9,295430
11,295610
10,295800
12,295980
3,296300
4,296510
2,296690
6,296840
1,297070
8,297230
5,297400
9,297640
7,297790
10,298040
11,298160
12,298370
4,298760
3,298950
6,299160
2,299380
8,299630
1,299860
9,300010
5,300130
10,300310
7,300520
11,300710
12,300940
4,301150
6,301350
3,301520
8,301730
2,301940
9,302190
1,302330
10,302490
5,302660
11,302930
7,303100
12,303310
6,303680
4,303890
3,304090
2,304300
8,304460
1,304660
9,304870
5,305020
10,305210
7,305360
11,305610
12,305820
6,306020
3,306230
4,306430
8,306630
2,306880
9,307060
1,307220
10,307430
5,307580
11,307840
7,307950
12,308240
3,308550
6,308780
4,308960
2,309160
8,309420
1,309590
9,309750
5,309870
10,310100
7,310280
11,310500
12,310750
3,310950
4,311160
6,311320
8,311530
2,311790
9,311960
1,312190
10,312300
5,312490
11,312710
7,312870
12,313120
4,313500
3,313730
8,313850
6,314080
9,314310
2,314490
10,314620
1,314880
11,315010
5,315200
7,315460
12,315650
3,315910
4,316110
8,316270
9,316490
6,316690
10,316840
2,317070
11,317240
1,317370
7,317640
5,317860
12,318060
3,318380
8,318600
4,318810
6,319010
9,319240
2,319440
10,319600
1,319790
11,319910
5,320130
7,320340
12,320570
8,320860
3,320970
4,321170
9,321470
6,321600
10,321790
2,321990
11,322250
1,322380
7,322540
5,322760
12,322950
8,323330
4,323480
3,323730
6,323940
9,324180
2,324350
10,324530
1,324730
11,324890
5,325020
7,325270
12,325490
4,325690
8,325900
3,326110
9,326360
6,326510
10,326720
2,326980
11,327090
1,327260
7,327510
5,327720
12,327930
8,328340
4,328470
9,328680
3,328840
10,329050
6,329260
11,329430
2,329660
7,329810
1,330050
5,330180
12,330490
8,330700
9,330920
4,331120
10,331230
3,331390
11,331640
6,331800
7,331980
2,332270
5,332420
1,332580
12,332850
9,333240
8,333400
4,333610
3,333840
10,333960
6,334190
11,334320
2,334560
7,334710
1,334970
5,335110
12,335380
9,335680
4,335840
8,336000
10,336210
3,336370
11,336560
6,336740
7,336920
2,337170
5,337340
1,337530
12,337770
4,338080
9,338350
8,338520
3,338710
10,338870
6,339100
11,339270
2,339460
7,339640
1,339890
5,340020
12,340300
4,340520
8,340670
9,340900
10,341090
3,341260
11,341450
6,341650
7,341840
2,342100
5,342300
1,342460
12,342670
8,343030
4,343240
10,343400
9,343570
11,343780
3,343980
7,344140
6,344390
5,344610
2,344790
1,345030
12,345130
4,345400
8,345600
10,345760
11,345950
9,346170
7,346380
3,346590
5,346740
6,347000
1,347190
2,347400
12,347590
4,347890
10,348140
8,348260
9,348520
11,348650
3,348850
7,349030
6,349250
5,349460
2,349690
1,349920
12,350070
10,350230
4,350480
8,350670
11,350870
9,351100
7,351270
3,351470
5,351630
6,351850
1,352070
2,352280
12,352460
10,352810
8,352990
4,353170
9,353420
11,353600
3,353800
7,353950
6,354150
5,354370
2,354560
1,354780
12,354920
8,355190
10,355420
4,355650
11,355770
9,355980
7,356180
3,356390
5,356570
6,356770
1,356890
2,357160
12,357260
10,357730
8,357870
11,358100
4,358340
7,358460
9,358700
5,358890
3,359080
1,359290
6,359480
2,359640
12,359740
10,360060
11,360210
8,360390
7,360640
4,360860
5,361090
9,361300
1,361450
3,361640
2,361850
6,362030
12,362220
11,362530
10,362780
8,362890
4,363110
7,363310
9,363560
5,363740
3,363970
1,364160
6,364360
2,364570
12,364750
11,364930
8,365110
10,365320
7,365500
4,365750
5,365910
9,366200
1,366310
3,366550
2,366790
6,366940
12,367100
8,367460
11,367610
10,367810
4,368000
7,368210
9,368410
5,368630
3,368870
1,369080
6,369240
2,369450
12,369570
8,369870
10,370030
11,370190
7,370400
4,370630
5,370820
9,371020
1,371240
3,371430
2,371680
6,371850
12,372080
10,372410
8,372620
7,372720
11,372950
5,373080
4,373350
1,373580
9,373740
2,373940
3,374170
6,374360
12,374520
8,374720
10,374940
7,375090
5,375330
11,375480
1,375690
4,375930
2,376160
9,376370
6,376520
3,376710
12,376940
8,377230
7,377410
10,377630
11,377810
5,377990
4,378240
1,378450
9,378640
2,378810
3,379050
6,379240
12,379390
7,379600
8,379810
10,380020
5,380180
11,380390
1,380570
4,380800
2,381020
9,381220
6,381440
3,381650
12,381800
7,382050
10,382310
8,382560
11,382710
5,382900
4,383080
1,383320
9,383530
2,383750
3,383940
6,384110
12,384240
10,384480
7,384690
8,384870
5,385100
11,385250
1,385480
4,385730
2,385930
9,386150
6,386310
3,386530
12,386670
7,387070
10,387250
5,387420
8,387600
1,387800
11,387970
2,388210
4,388420
6,388630
9,388860
3,389010
12,389280
7,389410
5,389620
10,389790
1,389970
8,390180
2,390450
11,390550
6,390750
4,390970
3,391220
9,391410
12,391640
5,391970
7,392150
10,392380
8,392570
1,392790
11,392900
2,393130
4,393330
6,393550
9,393760
3,393960
12,394180
5,394370
10,394550
7,394740
1,394930
8,395150
2,395400
11,395530
6,395690
4,395950
3,396150
9,396350
12,396550
10,396950
5,397090
7,397290
8,397550
1,397720
11,397880
2,398130
4,398300
6,398470
9,398660
3,398890
12,399120
10,399290
7,399480
5,399690
1,399900
8,400100
2,400340
11,400450
6,400630
4,400840
3,401070
9,401280
12,401510
7,401840
10,402040
1,402210
5,402380
2,402630
8,402860
6,402990
11,403210
3,403350
4,403540
9,403800
12,404100
10,404220
7,404410
1,404590
2,404830
5,405000
6,405240
8,405410
3,405610
11,405770
9,405980
4,406230
12,406480
10,406770
1,406970
7,407160
5,407350
2,407570
8,407760
6,407950
11,408140
3,408340
4,408510
9,408750
12,409010
1,409040
10,409330
7,409510
2,409810
5,410000
6,410230
8,410380
3,410580
11,410730
9,410920
4,411180
12,411370
1,411760
7,411870
10,412120
5,412270
2,412520
8,412710
6,412870
11,413080
3,413250
4,413410
9,413700
12,413870
7,414060
1,414280
10,414490
2,414730
5,414940
6,415110
8,415290
3,415500
11,415660
9,415880
4,416160
12,416310
1,416680
7,416870
2,417070
10,417220
6,417420
5,417650
3,417880
8,418030
9,418250
11,418420
4,418680
12,418840
1,419000
2,419240
7,419400
6,419620
10,419840
3,420050
5,420200
9,420450
8,420610
4,420860
11,420990
12,421270
2,421660
1,421850
7,421990
10,422190
6,422410
5,422610
3,422780
8,422990
9,423180
11,423380
4,423590
12,423780
2,424020
7,424200
1,424410
6,424620
10,424800
3,425020
5,425220
9,425410
8,425610
4,425820
11,425980
12,426190
7,426580
2,426790
1,427030
10,427180
6,427340
5,427540
3,427770
8,427980
9,428180
11,428340
4,428580
12,428710
7,428940
1,429140
2,429390
6,429570
10,429770
3,430000
5,430180
9,430380
8,430580
4,430790
11,430950
12,431210
1,431550
7,431740
6,431920
2,432130
3,432380
10,432550
9,432710
5,432880
4,433090
8,433260
11,433510
12,433730
7,433930
1,434140
6,434320
3,434570
2,434740
9,434920
10,435140
4,435370
5,435530
11,435680
8,435850
12,436120
7,436440
6,436700
1,436900
2,437130
3,437340
10,437520
9,437700
5,437880
4,438110
8,438270
11,438400
12,438710
6,438860
7,439060
1,439250
3,439560
2,439770
9,439940
10,440140
4,440340
5,440500
11,440660
8,440830
12,441110
6,441400
1,441640
7,441840
2,442040
3,442270
10,442420
9,442630
5,442850
4,443060
8,443200
11,443370
12,443640
1,443790
6,444060
7,444270
3,444440
2,444650
9,444860
10,445040
4,445210
5,445450
11,445630
8,445760
12,446050
6,446440
1,446640
3,446830
7,446980
9,447210
2,447400
4,447620
10,447760
11,447990
5,448140
8,448320
12,448600
6,448810
3,449070
1,449170
9,449430
7,449650
4,449840
2,450060
11,450170
10,450330
8,450580
5,450780
12,450980
3,451400
6,451600
1,451780
7,451950
9,452150
2,452380
4,452590
10,452730
11,452900
5,453090
8,453330
12,453520
3,453790
1,453980
6,454170
9,454390
7,454620
4,454790
2,454980
11,455140
10,455310
8,455510
5,455750
12,455990
1,456450
3,456620
6,456770
7,456960
9,457180
2,457350
4,457550
10,457730
11,457910
5,458090
8,458250
12,458500
1,458760
6,458950
3,459210
9,459400
7,459570
4,459760
2,459980
11,460150
10,460310
8,460500
5,460720
12,460940
6,461320
1,461550
9,461740
3,461930
4,462140
7,462250
11,462530
2,462690
8,462880
10,463060
5,463250
12,463460
1,463700
6,463870
9,464140
4,464330
3,464530
11,464700
7,464910
8,465120
2,465350
5,465460
10,465670
12,465900
1,466310
9,466500
6,466640
3,466870
4,467100
7,467290
11,467450
2,467640
8,467790
10,468010
5,468180
12,468430
9,468720
1,468880
6,469100
4,469300
3,469510
11,469640
7,469790
8,470030
2,470300
5,470400
10,470630
12,470870
9,471250
6,471450
1,471660
3,471870
4,472090
7,472210
11,472410
2,472680
8,472850
10,472990
5,473180
12,473460
6,473620
9,473850
1,474020
4,474260
3,474470
11,474650
7,474780
8,475040
2,475330
5,475500
10,475620
12,475890
9,476270
6,476500
4,476660
1,476810
11,477000
3,477170
8,477350
7,477590
5,477800
2,478050
10,478170
12,478400
9,478700
4,478890
6,479060
11,479180
1,479380
8,479630
3,479810
5,479990
7,480250
10,480370
2,480680
12,480870
4,481280
9,481450
6,481610
1,481720
11,481950
3,482130
8,482310
7,482500
5,482740
2,482940
10,483140
12,483320
4,483540
6,483740
9,484020
11,484190
1,484340
8,484550
3,484770
5,484910
7,485180
10,485310
2,485570
12,485750
6,486100
4,486330
9,486520
1,486670
11,486890
3,487080
8,487250
7,487490
5,487710
2,487900
10,488060
12,488220
6,488460
9,488700
4,488930
11,489070
1,489290
8,489440
3,489660
5,489850
7,490110
10,490260
2,490500
12,490670
9,491060
6,491270
11,491440
4,491620
8,491850
1,492040
5,492200
3,492400
10,492550
7,492770
2,492970
12,493180
6,493420
9,493680
11,493850
8,493990
4,494260
5,494430
1,494650
10,494780
3,494940
2,495220
7,495390
12,495660
6,495960
11,496130
9,496310
4,496510
8,496770
1,497020
5,497180
3,497370
10,497530
7,497680
2,497940
12,498160
11,498340
6,498520
9,498760
8,498950
4,499190
5,499340
1,499570
10,499730
3,499960
2,500190
7,500370
12,500510
11,500870
9,501090
6,501310
4,501540
8,501700
1,501940
5,502120
3,502370
10,502480
7,502690
2,502900
12,502970
9,503250
11,503460
6,503650
8,503860
4,504090
5,504290
1,504500
10,504670
3,504870
2,505110
7,505310
12,505400
11,505820
9,505990
8,506210
6,506420
5,506600
4,506860
10,507030
1,507180
3,507420
2,507630
7,507800
12,508000
11,508210
8,508370
9,508580
5,508760
6,508990
10,509200
4,509420
3,509650
1,509750
7,510020
2,510280
12,510420
8,510730
11,510880
9,511090
6,511350
5,511600
4,511760
10,511920
1,512150
3,512360
2,512530
7,512710
12,512900
8,513170
9,513370
11,513500
5,513710
6,513940
10,514120
4,514320
3,514530
1,514720
7,514890
2,515170
12,515320
9,515690
8,515870
11,516010
6,516230
5,516480
4,516680
10,516810
1,517070
3,517270
2,517480
7,517620
12,517810
9,518060
11,518290
8,518400
5,518620
6,518840
10,519010
4,519280
3,519440
1,519640
7,519820
2,520110
12,520290
11,520590
9,520800
5,521030
8,521190
10,521390
6,521600
3,521810
4,521990
7,522190
1,522420
2,522650
12,522830
9,522990
11,523170
5,523360
10,523580
8,523790
3,524050
6,524170
7,524380
4,524600
2,524830
1,524970
12,525290
9,525600
5,525790
11,525880
8,526110
10,526320
6,526490
3,526730
4,526890
7,527080
1,527340
2,527540
12,527790
5,527960
9,528190
11,528340
10,528510
8,528700
3,528980
6,529150
7,529360
4,529550
2,529770
1,529940
12,530190
5,530500
11,530680
9,530830
8,531070
10,531310
6,531480
3,531700
4,531870
7,532060
1,532290
2,532510
12,532740
11,532900
5,533090
9,533340
10,533520
8,533720
3,533850
6,534050
7,534290
4,534500
2,534700
1,534890
12,535100
5,535440
11,535610
10,535820
9,536020
3,536280
8,536440
7,536630
6,536830
2,537050
4,537210
1,537440
12,537650
5,537820
10,538020
11,538210
3,538480
9,538680
7,538830
8,539040
2,539330
6,539470
1,539640
4,539870
12,540090
10,540420
5,540550
11,540820
9,540980
3,541250
8,541410
7,541550
6,541810
2,542010
4,542200
1,542400
12,542600
10,542770
11,543010
5,543180
3,543430
9,543650
7,543880
8,544060
2,544290
6,544410
1,544620
4,544880
12,545060
11,545360
10,545550
5,545690
9,545960
3,546220
8,546390
7,546610
6,546800
2,546990
4,547180
1,547430
12,547610
11,547790
5,547960
10,548090
3,548360
9,548600
7,548840
8,549020
2,549270
6,549420
1,549610
4,549850
12,550040
5,550360
11,550570
3,550760
10,550910
7,551130
9,551340
2,551580
8,551760
6,551940
4,552080
1,552380
12,552560
11,552810
5,552960
3,553170
7,553360
10,553490
2,553780
9,554010
6,554200
8,554360
1,554540
4,554770
12,554970
11,555300
3,555520
5,555770
10,555940
7,556100
9,556330
2,556520
8,556740
6,556960
4,557170
1,557350
12,557500
3,557720
11,557870
5,558080
7,558320
10,558520
2,558820
9,558990
6,559200
8,559350
1,559560
4,559790
12,559960
3,560320
5,560510
11,560660
10,560830
7,561040
9,561300
2,561550
8,561700
6,561880
4,562120
1,562340
12,562490
5,562690
3,562930
11,563110
7,563240
10,563460
2,563740
9,563930
6,564120
8,564300
1,564510
4,564760
12,564940
3,565350
5,565560
7,565650
11,565880
2,566100
10,566270
6,566430
9,566660
1,566940
8,567060
4,567280
12,567490
3,567740
7,567850
5,568100
2,568350
11,568510
6,568640
10,568830
1,569090
9,569310
4,569560
8,569710
12,569900
7,570280
3,570530
5,570750
11,570900
2,571120
10,571200
6,571380
9,571650
1,571830
8,572040
4,572270
12,572460
7,572670
5,572900
3,573120
2,573320
11,573520
6,573640
10,573850
1,574020
9,574250
4,574520
8,574650
12,574890
5,575270
7,575470
3,575690
11,575890
2,576070
10,576260
6,576430
9,576640
1,576800
8,576990
4,577240
12,577420
5,577680
3,577890
7,578070
2,578290
11,578490
6,578640
10,578800
1,579050
9,579270
4,579500
8,579650
12,579850
3,580270
5,580470
2,580700
7,580850
6,581080
11,581200
1,581440
10,581600
4,581790
9,582020
8,582230
12,582420
5,582650
3,582870
2,583080
6,583240
7,583430
1,583630
11,583780
4,584040
10,584210
8,584380
9,584630
12,584840
5,585250
2,585410
3,585640
7,585790
6,586040
11,586170
1,586340
10,586570
4,586720
9,587000
8,587150
12,587450
2,587640
5,587810
3,588030
6,588240
7,588380
1,588520
11,588750
4,589030
10,589140
8,589380
9,589570
12,589860
2,590230
3,590410
5,590600
7,590790
6,590990
11,591090
1,591310
10,591520
4,591710
9,591910
8,592100
12,592340
3,592620
2,592790
5,593000
6,593170
7,593390
1,593510
11,593710
4,594020
10,594120
8,594320
9,594550
12,594760
2,595160
3,595360
6,595560
5,595750
1,595930
7,596060
4,596330
11,596480
8,596670
10,596860
9,597060
12,597330
2,597580
6,597740
3,597990
1,598080
5,598250
4,598520
7,598720
8,598910
11,599120
9,599320
10,599500
12,599760
6,600130
2,600290
3,600510
5,600760
1,600870
7,601120
4,601310
11,601470
8,601630
10,601850
9,602000
12,602280
6,602480
3,602730
2,602930
1,603070
5,603240
4,603540
7,603690
8,603860
11,604090
9,604210
10,604450
12,604660
3,605130
6,605300
2,605480
5,605670
1,605810
7,606030
4,606260
11,606410
8,606620
10,606780
9,606960
12,607140
3,607520
2,607700
6,607830
1,608020
5,608170
4,608460
7,608620
8,608820
11,609000
9,609210
10,609390
12,609590
2,609990
3,610190
1,610380
6,610560
4,610770
5,610990
8,611170
7,611420
9,611620
11,611710
10,611960
12,612180
3,612390
2,612550
1,612700
4,612940
6,613090
8,613320
5,613540
9,613770
7,613990
10,614130
11,614350
12,614550
3,614940
1,615100
2,615330
6,615470
4,615660
5,615880
8,616100
7,616260
9,616490
11,616630
10,616850
12,617070
1,617240
3,617510
2,617750
4,617910
6,618070
8,618290
5,618480
9,618680
7,618860
10,619010
11,619230
12,619460
1,619840
2,620040
3,620240
6,620470
4,620660
5,620890
8,621080
7,621250
9,621420
11,621520
10,621760
12,621970
2,622230
1,622400
3,622620
4,622810
6,623010
8,623230
5,623390
9,623630
7,623820
10,623930
11,624190
12,624370
1,624800
2,625010
4,625190
3,625420
8,625600
6,625750
9,625950
5,626130
7,626330
11,626450
10,626680
12,626890
1,627110
4,627320
2,627600
8,627760
3,627990
9,628210
6,628360
7,628530
5,628730
10,628900
11,629100
12,629300
4,629670
1,629840
2,630070
3,630290
8,630480
6,630690
9,630900
5,631100
7,631270
11,631410
10,631600
12,631790
4,632070
2,632260
1,632450
8,632610
3,632830
9,633060
6,633270
7,633510
5,633690
10,633790
11,634040
12,634220
2,634640
4,634830
1,635030
3,635230
8,635380
6,635600
9,635780
5,635940
7,636140
11,636360
10,636590
12,636750
2,637000
1,637210
4,637380
8,637560
3,637780
9,637990
6,638190
7,638370
5,638560
10,638770
11,638930
12,639150
1,639600
2,639770
8,639950
4,640150
9,640360
3,640550
7,640680
6,640940
10,641140
5,641270
11,641470
12,641640
2,641900
1,642140
8,642310
9,642560
4,642820
7,642980
3,643170
10,643310
6,643500
11,643680
5,643850
12,644110
2,644490
8,644690
1,644870
4,645030
9,645270
3,645490
7,645680
6,645870
10,646060
5,646190
11,646400
12,646630
8,646850
2,647090
1,647280
9,647470
4,647660
7,647850
3,648090
10,648240
6,648390
11,648650
5,648800
12,649070
8,649410
1,649610
2,649850
4,650030
9,650230
3,650440
7,650570
6,650780
10,650940
5,651110
11,651340
12,651560
1,651780
8,652000
2,652300
9,652450
4,652610
7,652770
3,652990
10,653180
6,653310
11,653580
5,653740
12,654000
8,654350
1,654550
9,654780
2,655030
7,655170
4,655330
10,655540
3,655720
11,655930
6,656080
5,656260
12,656520
8,656730
9,656990
1,657130
7,657340
2,657590
10,657750
4,657950
11,658130
3,658310
5,658460
6,658680
12,658930
9,659290
8,659460
1,659690
2,659940
7,660110
4,660280
10,660460
3,660650
11,660830
6,661010
5,661220
12,661510
9,661660
1,661830
8,662060
7,662220
2,662480
10,662650
4,662900
11,663080
3,663270
5,663400
6,663640
12,663870
1,664250
9,664400
8,664670
2,664790
7,664970
4,665120
10,665380
3,665580
11,665750
6,665960
5,666180
12,666380
1,666610
8,666770
9,666970
7,667190
2,667430
10,667580
4,667760
11,667960
3,668140
5,668310
6,668530
12,668740
8,669110
1,669370
7,669560
9,669740
10,669950
2,670130
11,670280
4,670490
3,670700
6,670900
5,671090
12,671320
1,671490
8,671680
7,671900
10,672100
9,672310
11,672510
2,672760
3,672930
4,673120
5,673320
6,673500
12,673750
1,674140
7,674220
8,674480
9,674660
10,674860
2,675080
11,675190
4,675380
3,675660
6,675820
5,676030
12,676240
7,676480
1,676670
8,676850
10,677060
9,677240
11,677450
2,677680
3,677880
4,678090
5,678270
6,678460
12,678670
7,679000
8,679220
1,679420
9,679610
10,679790
2,680020
11,680180
4,680390
3,680600
6,680790
5,680970
12,681180
8,681360
7,681620
1,681770
10,681990
9,682220
11,682410
2,682650
3,682820
4,683060
5,683210
6,683420
12,683610
7,683920
8,684150
10,684340
1,684580
11,684740
9,684910
3,685130
2,685360
4,685590
5,685770
6,685960
12,686150
7,686350
10,686530
8,686730
11,686920
1,687140
3,687360
9,687530
4,687730
2,687990
6,688160
5,688340
12,688600
10,688960
7,689120
8,689310
1,689520
11,689690
9,689870
3,690090
2,690290
4,690500
5,690700
6,690850
12,691110
10,691300
8,691490
7,691720
11,691890
1,692160
3,692310
9,692520
4,692670
2,692920
6,693090
5,693290
12,693540
8,693870
10,694090
7,694200
1,694470
11,694660
9,694810
3,695040
2,695260
4,695480
5,695670
6,695810
12,696080
8,696280
7,696420
10,696640
11,696880
1,697030
3,697270
9,697490
4,697650
2,697890
6,698060
5,698250
12,698500
7,698810
8,699030
11,699160
10,699410
3,699570
1,699800
4,699960
9,700200
6,700380
2,700550
5,700760
12,701060
8,701180
7,701410
11,701600
3,701800
10,701960
4,702180
1,702390
6,702530
9,702770
5,702960
2,703190
12,703400
8,703730
11,703910
7,704140
10,704310
3,704530
1,704760
4,704940
9,705130
6,705300
2,705530
5,705730
12,705860
11,706090
8,706310
7,706450
3,706710
10,706880
4,707080
1,707310
6,707480
9,707700
5,707940
2,708170
12,708310
11,708650
7,708780
8,709020
10,709230
3,709410
1,709640
4,709850
9,710050
6,710210
2,710450
5,710630
12,710770
7,711060
11,711210
8,711440
3,711640
10,711830
4,712020
1,712220
6,712400
9,712610
5,712850
2,713090
12,713230
11,713570
7,713800
3,714050
8,714200
4,714390
10,714590
6,714760
1,714980
5,715130
9,715340
2,715600
12,715760
11,715970
3,716200
7,716370
4,716600
8,716810
6,717000
10,717150
5,717300
1,717580
2,717880
9,717990
12,718200
3,718600
11,718730
7,718880
8,719140
4,719360
10,719550
6,719710
1,719920
5,720060
9,720250
2,720500
12,720750
3,720990
7,721140
11,721330
4,721550
8,721740
6,721940
10,722140
5,722300
1,722490
2,722740
9,722920
12,723130
7,723520
3,723730
11,723930
8,724070
4,724280
10,724490
6,724640
1,724890
5,725060
9,725250
2,725510
12,725660
7,725890
11,726150
3,726280
4,726490
8,726660
6,726850
10,727050
5,727260
1,727520
2,727750
9,727930
12,728160
11,728460
7,728640
4,728840
3,729070
6,729250
8,729450
5,729650
10,729800
1,730180
2,730320
9,730470
12,730690
7,730840
11,731060
4,731260
6,731430
3,731690
5,731840
8,732080
1,732180
10,732420
9,732640
2,732870
12,733130
7,733400
4,733590
11,733820
3,734020
6,734190
8,734450
5,734650
10,734790
1,735010
2,735180
9,735400
12,735590
4,735800
7,736010
11,736210
6,736390
3,736610
5,736800
8,737020
1,737210
10,737380
9,737600
2,737870
12,738020
4,738410
11,738570
7,738730
3,738960
6,739110
8,739350
5,739550
10,739710
1,739960
2,740180
9,740430
12,740580
11,740750
4,740980
7,741150
6,741370
3,741600
5,741780
8,742010
1,742160
10,742360
9,742570
2,742830
12,743010
4,743350
11,743480
6,743680
7,743880
5,744120
3,744350
1,744550
8,744710
9,744920
10,745130
2,745350
12,745590
4,745760
6,745920
11,746140
5,746300
7,746520
1,746750
3,746970
9,747140
8,747310
2,747580
10,747710
12,747980
6,748270
4,748500
11,748710
7,748870
5,749110
3,749330
1,749490
8,749700
9,749880
10,750070
2,750280
12,750380
6,750680
11,750900
4,751110
5,751310
7,751520
1,751670
3,751890
9,752070
8,752320
2,752570
10,752660
12,752880
11,753230
6,753430
4,753660
7,753870
5,754120
3,754270
1,754440
8,754620
9,754800
10,755000
2,755240
12,755380
11,755660
4,755820
6,756000
5,756250
7,756500
1,756620
3,756840
9,757040
8,757250
2,757440
10,757650
12,757860
4,758210
11,758400
5,758580
6,758770
1,758990
7,759180
9,759380
3,759570
2,759770
8,760010
10,760180
12,760380
11,760600
4,760830
5,761020
1,761210
6,761350
9,761560
7,761790
2,761990
3,762210
10,762340
8,762580
12,762820
11,763100
5,763300
4,763600
6,763740
1,763950
7,764110
9,764300
3,764510
2,764710
8,764910
10,765100
12,765310
5,765520
11,765690
4,765950
1,766130
6,766300
9,766510
7,766700
2,766950
3,767150
10,767280
8,767470
12,767710
5,768070
4,768270
11,768440
6,768670
1,768900
7,769100
9,769260
3,769470
2,769700
8,769810
10,770020
12,770200
4,770470
5,770680
11,770870
1,771070
6,771260
9,771450
7,771680
2,771900
3,772100
10,772210
8,772410
12,772610
5,773120
4,773320
1,773440
11,773650
9,773860
6,774010
2,774170
7,774380
10,774590
3,774760
8,774990
12,775150
5,775490
1,775650
4,775850
9,776030
11,776220
2,776410
6,776600
10,776810
7,776990
8,777210
3,777340
12,777590
1,778020
5,778220
4,778400
11,778570
9,778780
6,778990
2,779120
7,779320
10,779520
3,779740
8,779950
12,780150
1,780390
4,780550
5,780720
9,780970
11,781160
2,781380
6,781570
10,781740
7,781930
8,782160
3,782340
12,782550
4,782970
1,783090
5,783290
11,783510
9,783670
6,783930
2,784110
7,784310
10,784520
3,784670
8,784890
12,785030
4,785300
5,785510
1,785700
9,785890
11,786080
2,786360
6,786530
10,786690
7,786890
8,787100
3,787160
12,787490
5,787880
4,788010
9,788270
1,788440
2,788660
11,788800
10,789050
6,789250
7,789450
3,789680
8,789850
12,790050
4,790250
5,790440
9,790640
2,790860
1,791010
10,791190
11,791420
7,791630
6,791800
8,792010
3,792230
12,792450
4,792830
9,793020
5,793210
1,793390
2,793580
11,793760
10,793920
6,794120
7,794290
3,794580
8,794750
12,794920
9,795210
4,795460
5,795640
2,795880
1,795970
10,796120
11,796330
7,796540
6,796760
8,796940
3,797170
12,797360
9,797700
5,797940
4,798150
1,798340
2,798550
11,798660
10,798900
6,799070
7,799260
3,799510
8,799710
12,799890
5,800090
9,800320
4,800490
2,800750
1,800910
10,801040
11,801270
7,801460
6,801700
8,801890
3,802050
12,802310
9,802640
5,802850
2,803070
4,803300
10,803420
1,803610
7,803720
11,803980
6,804150
3,804350
8,804590
12,804790
9,805050
2,805290
5,805470
10,805620
4,805870
7,805980
1,806210
6,806310
11,806570
8,806750
3,806960
12,807170
2,807570
9,807770
5,807970
4,808180
10,808360
1,808530
7,808740
11,808900
6,809070
3,809270
8,809470
12,809700
2,809980
5,810130
9,810340
10,810540
4,810740
7,810960
1,811130
6,811290
11,811500
8,811680
3,811870
12,812120
5,812580
2,812720
9,812880
4,813080
10,813230
1,813470
7,813590
11,813840
6,814010
3,814220
8,814390
12,814630
5,814880
9,815090
2,815340
10,815460
4,815680
7,815860
1,816060
6,816220
11,816450
8,816640
3,816830
12,817050
9,817390
5,817570
10,817880
2,818050
7,818160
4,818360
6,818550
1,818790
11,819010
3,819200
8,819330
12,819530
5,819720
9,819970
10,820200
7,820390
2,820610
6,820770
4,821000
11,821200
1,821390
8,821560
3,821760
12,821940
5,822350
10,822540
9,822710
2,822950
7,823120
4,823300
6,823490
1,823700
11,823880
3,824110
8,824270
12,824430
10,824740
5,824900
9,825110
7,825270
2,825520
6,825700
4,825950
11,826060
1,826240
8,826440
3,826650
12,826880
10,827250
9,827450
5,827640
2,827820
7,828000
4,828180
6,828380
1,828600
11,828760
3,829000
8,829160
12,829400
9,829630
10,829840
5,830030
7,830220
2,830490
6,830610
4,830810
11,830960
1,831100
8,831340
3,831550
12,831830
10,832200
9,832390
7,832500
5,832760
6,832980
2,833170
11,833290
4,833480
1,833730
3,833920
8,834090
12,834330
10,834510
7,834720
9,834940
6,835120
5,835360
11,835490
2,835780
1,835920
4,836110
8,836300
3,836500
12,836750
7,837080
10,837270
9,837440
5,837700
6,837870
2,838070
11,838240
4,838480
1,838660
3,838870
8,839050
12,839290
7,839470
9,839690
10,839890
6,840020
5,840270
11,840480
2,840710
1,840850
4,841060
8,841250
3,841470
12,841720
9,842040
7,842240
10,842400
5,842600
6,842800
2,843000
11,843180
4,843440
1,843640
3,843840
8,844020
12,844210
9,844450
10,844610
7,844820
6,844990
5,845220
11,845400
2,845640
1,845840
4,846010
8,846200
3,846420
12,846720
10,846960
9,847190
6,847350
7,847490
11,847760
5,847970
1,848180
2,848360
8,848540
4,848750
3,848970
12,849220
9,849360
10,849560
6,849730
11,849960
7,850150
1,850440
5,850560
8,850780
2,851020
3,851160
4,851380
12,851580
9,851910
6,852140
10,852300
7,852500
11,852690
5,852900
1,853100
2,853310
8,853470
4,853700
3,853880
12,854080
6,854250
9,854470
10,854680
11,854900
7,855070
1,855320
5,855470
8,855680
2,855890
3,856100
4,856300
12,856500
6,856810
10,857030
9,857220
7,857380
11,857620
5,857850
1,858050
2,858220
8,858430
4,858610
3,858800
12,858980
10,859200
6,859390
9,859650
11,859810
7,860000
1,860290
5,860450
8,860640
2,860870
3,861040
4,861220
12,861410
6,861720
10,861950
11,862140
9,862300
1,862580
7,862750
8,862980
5,863160
3,863390
2,863550
4,863760
12,863900
6,864130
11,864310
10,864510
1,864740
9,864930
8,865130
7,865330
3,865530
5,865690
4,865940
2,866170
12,866360
11,866670
6,866830
10,867060
9,867290
1,867520
7,867680
8,867870
5,868050
3,868260
2,868450
4,868660
12,868820
11,869060
10,869250
6,869410
1,869690
9,869870
8,870080
7,870330
3,870490
5,870660
4,870910
2,871110
12,871220
10,871620
11,871780
6,871960
9,872250
1,872460
7,872670
8,872830
5,873010
3,873200
2,873420
4,873600
12,873730
10,873980
6,874180
11,874400
1,874630
9,874860
8,875040
7,875260
3,875390
5,875550
4,875820
2,876050
12,876200
6,876540
10,876770
1,876980
11,877100
8,877350
9,877540
3,877760
7,877930
4,878100
5,878320
2,878520
12,878750
10,878920
6,879120
1,879310
8,879500
11,879690
3,879920
9,880150
4,880350
7,880470
2,880740
5,880900
12,881160
10,881490
1,881690
6,881820
11,882050
8,882260
9,882450
3,882660
7,882870
4,883050
5,883260
2,883480
12,883670
1,883890
10,884010
6,884240
8,884410
11,884630
3,884840
9,885080
4,885290
7,885460
2,885760
5,885900
12,886110
1,886460
6,886640
10,886850
11,886960
8,887190
9,887380
3,887590
7,887740
4,887940
5,888170
2,888390
12,888650
6,888800
1,889050
10,889160
8,889390
11,889600
3,889760
9,889980
4,890200
7,890340
2,890630
5,890790
12,891030
1,891360
6,891530
8,891770
10,891940
3,892130
11,892270
4,892540
9,892720
2,892960
7,893080
5,893270
12,893550
1,893700
8,893860
6,894090
3,894310
10,894460
4,894730
11,894870
2,895180
9,895310
5,895530
7,895760
12,895950
8,896320
1,896500
6,896650
10,896870
3,897050
11,897220
4,897420
9,897650
2,897890
7,898040
5,898250
12,898470
8,898680
6,898900
1,899030
3,899280
10,899430
4,899660
11,899830
2,900080
9,900240
5,900460
7,900670
12,900880
6,901210
8,901440
1,901620
10,901770
3,902010
11,902170
4,902400
9,902590
2,902820
7,903010
5,903210
12,903400
6,903610
1,903780
8,903990
3,904230
10,904370
4,904570
11,904770
2,905040
9,905200
5,905440
7,905630
12,905820
1,906210
6,906380
3,906620
8,906790
4,906980
10,907080
2,907350
11,907520
5,907690
9,907940
7,908160
12,908370
6,908560
1,908760
3,908960
4,909190
8,909380
2,909610
10,909730
5,909890
11,910110
7,910310
9,910550
12,910790
6,911100
3,911310
1,911490
8,911710
4,911930
10,912090
2,912270
11,912470
5,912660
9,912870
7,913020
12,913320
3,913500
6,913700
1,913870
4,914090
8,914270
2,914530
10,914660
5,914810
11,915060
7,915200
9,915440
12,915730
3,916040
1,916280
6,916430
8,916640
4,916830
10,916950
2,917170
11,917370
5,917560
9,917780
7,918010
12,918210
1,918390
3,918610
6,918810
4,919020
8,919200
2,919420
10,919590
5,919760
11,919950
7,920170
9,920410
12,920610
3,921000
1,921230
4,921380
6,921570
2,921790
8,921930
5,922110
10,922290
7,922500
11,922640
9,922850
12,923120
3,923360
4,923570
1,923730
2,924020
6,924160
5,924340
8,924510
7,924770
10,924910
9,925080
11,925270
12,925510
4,925930
3,926150
1,926300
6,926510
2,926700
8,926880
5,927080
10,927250
7,927460
11,927660
9,927760
12,928050
4,928270
1,928460
3,928620
2,928910
6,929060
5,929280
8,929470
7,929680
10,929860
9,930050
11,930250
12,930450
1,930860
4,931010
3,931240
6,931400
2,931590
8,931810
5,932020
10,932180
7,932370
11,932560
9,932720
12,932980
1,933190
3,933400
4,933610
2,933800
6,933940
5,934150
8,934370
7,934590
10,934730
9,934930
11,935170
12,935380
3,935770
1,935960
2,936170
4,936380
5,936590
6,936740
7,936980
8,937170
9,937350
10,937460
11,937660
12,937940
1,938100
3,938320
2,938520
5,938700
4,938930
7,939160
6,939340
9,939500
8,939710
11,939850
10,940010
12,940310
1,940740
2,940900
3,941090
4,941280
5,941470
6,941670
7,941880
8,942090
9,942240
10,942430
11,942580
12,942820
1,943080
2,943310
3,943460
4,943700
5,943870
6,944060
7,944290
8,944450
9,944650
10,944830
11,944970
12,945250
1,945650
2,945840
3,946040
4,946220
5,946410
6,946560
7,946780
8,946970
9,947150
10,947340
11,947500
12,947750
1,947930
2,948140
3,948390
4,948570
5,948770
6,948960
7,949170
8,949360
9,949560
10,949720
11,949950
12,950130
1,950570
2,950760
3,950950
4,951130
5,951330
6,951460
7,951650
8,951860
9,952030
10,952230
11,952450
12,952760
1,952880
2,953110
3,953290
4,953490
5,953710
6,953910
7,954110
8,954280
9,954520
10,954710
11,954970
12,955530